"Transaction Date","Value Date","Transaction Details","Money Out","Money In","Ledger Balance","Bank Reference Number"
"01.12.2025","01.12.2025","BALANCE B/FWD","0.00","0.00","1,595,529.43",""
"01.12.2025","01.12.2025","Bank to mobile charge   AC-KES1452600060001","-76.25","0.00","1,595,453.18","FT25335G8H5X"
"01.12.2025","01.12.2025","Bank to Mobile  254724740678-pesapal MOBEE BANK MPESA SUSPENSE NO 006","-30,000.00","0.00","1,565,453.18","FT25335G8H5X"
"01.12.2025","01.12.2025","Bank to mobile charge   AC-KES1452600060001","-37.75","0.00","1,565,415.43","FT25335260LR"
"01.12.2025","01.12.2025","Bank to Mobile  254110780507-padlocks MOBEE BANK MPESA SUSPENSE NO 006","-3,500.00","0.00","1,561,915.43","FT25335260LR"
"01.12.2025","01.12.2025","Bank to mobile charge   AC-KES1452600060001","-76.25","0.00","1,561,839.18","FT253357Y0H6"
"01.12.2025","01.12.2025","Bank to Mobile  254794512668-4 cctv MOBEE BANK MPESA SUSPENSE NO 006","-59,440.00","0.00","1,502,399.18","FT253357Y0H6"
"01.12.2025","01.12.2025","Bank to mobile charge   AC-KES1452600060001","-37.75","0.00","1,502,361.43","FT253353KBV3"
"01.12.2025","01.12.2025","Bank to Mobile  254713608976-Allowance MOBEE BANK MPESA SUSPENSE NO 006","-3,000.00","0.00","1,499,361.43","FT253353KBV3"
"01.12.2025","01.12.2025","Bank to mobile charge   AC-KES1452600060001","-62.75","0.00","1,499,298.68","FT25335NLN8F"
"01.12.2025","01.12.2025","Bank to Mobile  254759653241-wage MOBEE BANK MPESA SUSPENSE NO 006","-6,000.00","0.00","1,493,298.68","FT25335NLN8F"
"01.12.2025","01.12.2025","Bank to mobile charge   AC-KES1452600060001","-26.25","0.00","1,493,272.43","FT25335F97ZP"
"01.12.2025","01.12.2025","Bank to Mobile  254707317085-Allowance MOBEE BANK MPESA SUSPENSE NO 006","-2,500.00","0.00","1,490,772.43","FT25335F97ZP"
"01.12.2025","01.12.2025","Bank to mobile charge   AC-KES1452600060001","-37.75","0.00","1,490,734.68","FT25335ZZBCN"
"01.12.2025","01.12.2025","Bank to Mobile  254798034864-Allowance MOBEE BANK MPESA SUSPENSE NO 006","-3,000.00","0.00","1,487,734.68","FT25335ZZBCN"
"01.12.2025","01.12.2025","Bank to mobile charge   AC-KES1452600060001","-49.25","0.00","1,487,685.43","FT25335QQPQ9"
"01.12.2025","01.12.2025","Bank to Mobile  254112594682-Allowance MOBEE BANK MPESA SUSPENSE NO 006","-5,000.00","0.00","1,482,685.43","FT25335QQPQ9"
"02.12.2025","02.12.2025","Transfer 2417451  2417451 999999","0.00","198,780.72","1,681,466.15","FT25336KB8CJ"
"02.12.2025","02.12.2025","Mobi 522212  MPESA TL2UH487YK ODYSSEUS TECHNOL /","0.00","244,105.00","1,925,571.15","FT253368V3T3"
"02.12.2025","02.12.2025","Transfer Charge   AC-1335156364","-57.50","0.00","1,925,513.65","FT25336WMMLV"
"02.12.2025","02.12.2025","Transfer  Buy Tilapia SHIHAI FISHERY SCIENCE AND","-465,000.00","0.00","1,460,513.65","FT25336WMMLV"
"02.12.2025","02.12.2025","Bank to mobile charge   AC-KES1452600060001","-76.25","0.00","1,460,437.40","FT25336MC88Z"
"02.12.2025","02.12.2025","Bank to Mobile  254721257882-driver to homaby MOBEE BANK MPESA SUSPENSE NO 006","-48,500.00","0.00","1,411,937.40","FT25336MC88Z"
"03.12.2025","03.12.2025","Transfer 2420135  2420135 999999","0.00","141,384.34","1,553,321.74","FT25337XBGBP"
"03.12.2025","03.12.2025","Bank to mobile charge   AC-KES1452600060001","-74.25","0.00","1,553,247.49","FT253376QWJB"
"03.12.2025","03.12.2025","Bank to Mobile  254724740678-power MOBEE BANK MPESA SUSPENSE NO 006","-20,000.00","0.00","1,533,247.49","FT253376QWJB"
"03.12.2025","03.12.2025","Direct Credits event  59 EFT OUTWARD CLEARING ACCOUNT 0005","-243,866.00","0.00","1,289,381.49","FT25337WS6XG"
"03.12.2025","03.12.2025","Direct Credits Bookkeeping  59 EFT OUTWARD CLEARING ACCOUNT 0005","-70,436.00","0.00","1,218,945.49","FT253375QVTW"
"03.12.2025","03.12.2025","Transfer Charge   AC-1335156364","-57.50","0.00","1,218,887.99","FT25337Y7020"
"03.12.2025","03.12.2025","Transfer  Buy Tilapia SHIHAI FISHERY SCIENCE AND","-495,900.00","0.00","722,987.99","FT25337Y7020"
"03.12.2025","03.12.2025","Bank to mobile charge   AC-KES1452600060001","-16.50","0.00","722,971.49","FT253371ZT1G"
"03.12.2025","03.12.2025","Bank to Mobile  254769984497-Crates MOBEE BANK MPESA SUSPENSE NO 006","-1,500.00","0.00","721,471.49","FT253371ZT1G"
"03.12.2025","03.12.2025","Bank to mobile charge   AC-KES1452600060001","-74.25","0.00","721,397.24","FT25337JC9PC"
"03.12.2025","03.12.2025","Bank to Mobile  254721257882-Driver MOBEE BANK MPESA SUSPENSE NO 006","-13,500.00","0.00","707,897.24","FT25337JC9PC"
"03.12.2025","03.12.2025","Bank to mobile charge   AC-KES1452600060001","-62.75","0.00","707,834.49","FT25337XLR1X"
"03.12.2025","03.12.2025","Bank to Mobile  254798806918-Gutting Fee MOBEE BANK MPESA SUSPENSE NO 006","-6,000.00","0.00","701,834.49","FT25337XLR1X"
"04.12.2025","04.12.2025","Transfer 2422722  2422722 999999","0.00","121,227.42","823,061.91","FT253382BCKD"
"04.12.2025","04.12.2025","Mobi 522212  MPESA TL4UH4ACD5 ODYSSEUS TECHNOL /","0.00","45,919.00","868,980.91","FT2533894PN5"
"04.12.2025","04.12.2025","Returned EFT  Event Fee BANK","0.00","243,866.00","1,112,846.91","FT25338JCTHH"
"04.12.2025","04.12.2025","Returned EFT  Bookkeeping Fee BANK","0.00","70,436.00","1,183,282.91","FT25338QMHCC"
"05.12.2025","05.12.2025","Transfer 2425204  2425204 999999","0.00","215,623.99","1,398,906.90","FT25339BZX9H"
"05.12.2025","05.12.2025","Bank to mobile charge   AC-KES1452600060001","-74.25","0.00","1,398,832.65","FT253392LG56"
"05.12.2025","05.12.2025","Bank to Mobile  254724740678-Trans fish MOBEE BANK MPESA SUSPENSE NO 006","-20,000.00","0.00","1,378,832.65","FT253392LG56"
"05.12.2025","05.12.2025","Bank to mobile charge   AC-KES1452600060001","-74.25","0.00","1,378,758.40","FT25339G6M0V"
"05.12.2025","05.12.2025","Bank to Mobile  254702189666-Commission MOBEE BANK MPESA SUSPENSE NO 006","-12,291.00","0.00","1,366,467.40","FT25339G6M0V"
"05.12.2025","05.12.2025","Transfer Charge   AC-1335156364","-57.50","0.00","1,366,409.90","FT253390TCW5"
"05.12.2025","05.12.2025","Transfer  1205 downpayment SHIHAI FISHERY SCIENCE AND","-542,500.00","0.00","823,909.90","FT253390TCW5"
"06.12.2025","06.12.2025","Mobi 522212  MPESA TL6UH4CPJT ODYSSEUS TECHNOL /","0.00","318,806.00","1,142,715.90","FT25340CY1QF"
"07.12.2025","07.12.2025","Transfer Charge   AC-1335156364","-57.50","0.00","1,142,658.40","FT25341JPYGL"
"07.12.2025","07.12.2025","Transfer  Buy Fish SHIHAI FISHERY SCIENCE AND","-526,100.00","0.00","616,558.40","FT25341JPYGL"
"07.12.2025","07.12.2025","Bank to mobile charge   AC-KES1452600060001","-74.25","0.00","616,484.15","FT25341Q69M0"
"07.12.2025","07.12.2025","Bank to Mobile  254724740678-Reimbursement MOBEE BANK MPESA SUSPENSE NO 006","-15,000.00","0.00","601,484.15","FT25341Q69M0"
"08.12.2025","08.12.2025","Transfer 2431676  2431676 999999","0.00","20,321.75","621,805.90","FT253427ZG86"
"08.12.2025","08.12.2025","Transfer 2429702  2429702 999999","0.00","104,960.10","726,766.00","FT2534263J49"
"08.12.2025","08.12.2025","Transfer 2427456  2427456 999999","0.00","165,936.26","892,702.26","FT25342RQPNJ"
"08.12.2025","08.12.2025","Direct Credits venue  59 EFT OUTWARD CLEARING ACCOUNT 0005","-243,866.00","0.00","648,836.26","FT25342BQSXG"
"08.12.2025","08.12.2025","Direct Credits bookkeeping 1011  59 EFT OUTWARD CLEARING ACCOUNT 0005","-140,872.00","0.00","507,964.26","FT25342XSF78"
"08.12.2025","08.12.2025","Bank to mobile charge   AC-KES1452600060001","-49.25","0.00","507,915.01","FT25342LGDNN"
"08.12.2025","08.12.2025","Bank to Mobile  254798034864-Allowance MOBEE BANK MPESA SUSPENSE NO 006","-4,500.00","0.00","503,415.01","FT25342LGDNN"
"08.12.2025","08.12.2025","Bank to mobile charge   AC-KES1452600060001","-49.25","0.00","503,365.76","FT25342F2GYJ"
"08.12.2025","08.12.2025","Bank to Mobile  254713608976-Allowance MOBEE BANK MPESA SUSPENSE NO 006","-4,500.00","0.00","498,865.76","FT25342F2GYJ"
"08.12.2025","08.12.2025","Bank to mobile charge   AC-KES1452600060001","-49.25","0.00","498,816.51","FT25342Q0NVN"
"08.12.2025","08.12.2025","Bank to Mobile  254721114690-wage MOBEE BANK MPESA SUSPENSE NO 006","-5,000.00","0.00","493,816.51","FT25342Q0NVN"
"08.12.2025","08.12.2025","Bank to mobile charge   AC-KES1452600060001","-26.25","0.00","493,790.26","FT25342QV2V4"
"08.12.2025","08.12.2025","Bank to Mobile  254111220890-Allowance MOBEE BANK MPESA SUSPENSE NO 006","-2,500.00","0.00","491,290.26","FT25342QV2V4"
"08.12.2025","08.12.2025","Bank to mobile charge   AC-KES1452600060001","-74.25","0.00","491,216.01","FT25342BWPBB"
"08.12.2025","08.12.2025","Bank to Mobile  254721226759-BONPOP RENT MOBEE BANK MPESA SUSPENSE NO 006","-10,000.00","0.00","481,216.01","FT25342BWPBB"
"08.12.2025","08.12.2025","Bank to mobile charge   AC-KES1452600060001","-74.25","0.00","481,141.76","FT253420FBH4"
"08.12.2025","08.12.2025","Bank to Mobile  254721226759-Pipeline rent MOBEE BANK MPESA SUSPENSE NO 006","-17,000.00","0.00","464,141.76","FT253420FBH4"
"08.12.2025","08.12.2025","Bank to mobile charge   AC-KES1452600060001","-74.25","0.00","464,067.51","FT25342359DX"
"08.12.2025","08.12.2025","Bank to Mobile  254721226759-COMMISION MOBEE BANK MPESA SUSPENSE NO 006","-16,493.00","0.00","447,574.51","FT25342359DX"
"08.12.2025","08.12.2025","Bank to mobile charge   AC-KES1452600060001","-74.25","0.00","447,500.26","FT25342718K2"
"08.12.2025","08.12.2025","Bank to Mobile  254702189666-COMMISION MOBEE BANK MPESA SUSPENSE NO 006","-13,584.00","0.00","433,916.26","FT25342718K2"
"08.12.2025","08.12.2025","Bank to mobile charge   AC-KES1452600060001","-49.25","0.00","433,867.01","FT25342BNYN5"
"08.12.2025","08.12.2025","Bank to Mobile  254721114690-ICE MOBEE BANK MPESA SUSPENSE NO 006","-5,000.00","0.00","428,867.01","FT25342BNYN5"
"09.12.2025","09.12.2025","Bank to mobile charge   AC-KES1452600060001","-74.25","0.00","428,792.76","FT25343D5GXH"
"09.12.2025","09.12.2025","Bank to Mobile  254702189666-commission MOBEE BANK MPESA SUSPENSE NO 006","-16,506.00","0.00","412,286.76","FT25343D5GXH"
"09.12.2025","09.12.2025","Transfer 2434741  2434741 999999","0.00","107,026.53","519,313.29","FT25343FJWJ4"
"09.12.2025","09.12.2025","Mobi 522212  MPESA TL9UH4H9SB ODYSSEUS TECHNOL /","0.00","401,667.00","920,980.29","FT2534348MQS"
"09.12.2025","09.12.2025","Bank to mobile charge   AC-KES1452600060001","-49.25","0.00","920,931.04","FT25343RQJPS"
"09.12.2025","09.12.2025","Bank to Mobile  254112594682-wage MOBEE BANK MPESA SUSPENSE NO 006","-5,000.00","0.00","915,931.04","FT25343RQJPS"
"09.12.2025","09.12.2025","Bank to mobile charge   AC-KES1452600060001","-26.25","0.00","915,904.79","FT25343YWND8"
"09.12.2025","09.12.2025","Bank to Mobile  254745006802-Allowance MOBEE BANK MPESA SUSPENSE NO 006","-2,500.00","0.00","913,404.79","FT25343YWND8"
"09.12.2025","09.12.2025","Bank to mobile charge   AC-KES1452600060001","-62.75","0.00","913,342.04","FT25343W926J"
"09.12.2025","09.12.2025","Bank to Mobile  254792515205-Allowance MOBEE BANK MPESA SUSPENSE NO 006","-6,000.00","0.00","907,342.04","FT25343W926J"
"09.12.2025","09.12.2025","Bank to mobile charge   AC-KES1452600060001","-62.75","0.00","907,279.29","FT25343XJRPY"
"09.12.2025","09.12.2025","Bank to Mobile  254759653241-Allowance MOBEE BANK MPESA SUSPENSE NO 006","-6,000.00","0.00","901,279.29","FT25343XJRPY"
"09.12.2025","09.12.2025","Bank to mobile charge   AC-KES1452600060001","-26.25","0.00","901,253.04","FT253431M733"
"09.12.2025","09.12.2025","Bank to Mobile  254727468844-wage MOBEE BANK MPESA SUSPENSE NO 006","-2,500.00","0.00","898,753.04","FT253431M733"
"09.12.2025","09.12.2025","Bank to mobile charge   AC-KES1452600060001","-49.25","0.00","898,703.79","FT25343CBN1M"
"09.12.2025","09.12.2025","Bank to Mobile  254722376260-Allowance MOBEE BANK MPESA SUSPENSE NO 006","-5,000.00","0.00","893,703.79","FT25343CBN1M"
"09.12.2025","09.12.2025","Bank to mobile charge   AC-KES1452600060001","-26.25","0.00","893,677.54","FT25343CV24L"
"09.12.2025","09.12.2025","Bank to Mobile  254114495032-Allowance MOBEE BANK MPESA SUSPENSE NO 006","-2,500.00","0.00","891,177.54","FT25343CV24L"
"09.12.2025","09.12.2025","Bank to mobile charge   AC-KES1452600060001","-26.25","0.00","891,151.29","FT25343FN1KT"
"09.12.2025","09.12.2025","Bank to Mobile  254707317085-Allowance MOBEE BANK MPESA SUSPENSE NO 006","-2,500.00","0.00","888,651.29","FT25343FN1KT"
"09.12.2025","09.12.2025","Bank to mobile charge   AC-KES1452600060001","-62.75","0.00","888,588.54","FT25343PS72F"
"09.12.2025","09.12.2025","Bank to Mobile  254725792393-Allowance MOBEE BANK MPESA SUSPENSE NO 006","-6,000.00","0.00","882,588.54","FT25343PS72F"
"10.12.2025","10.12.2025","Transfer Charge   AC-1335156364","-57.50","0.00","882,531.04","FT25344LQWHR"
"10.12.2025","10.12.2025","Transfer  Downpay SHIHAI FISHERY SCIENCE AND","-542,500.00","0.00","340,031.04","FT25344LQWHR"
"10.12.2025","10.12.2025","Transfer 2437446  2437446 999999","0.00","92,921.96","432,953.00","FT2534439V37"
"10.12.2025","10.12.2025","Bank to mobile charge   AC-KES1452600060001","-16.50","0.00","432,936.50","FT25344G6XMX"
"10.12.2025","10.12.2025","Bank to Mobile  254702654086-Cleaning MOBEE BANK MPESA SUSPENSE NO 006","-1,500.00","0.00","431,436.50","FT25344G6XMX"
"10.12.2025","10.12.2025","Bank to mobile charge   AC-KES1452600060001","-76.25","0.00","431,360.25","FT25344ZBLXB"
"10.12.2025","10.12.2025","Bank to Mobile  254726340002-Fred MOBEE BANK MPESA SUSPENSE NO 006","-48,000.00","0.00","383,360.25","FT25344ZBLXB"
"10.12.2025","10.12.2025","Bank to mobile charge   AC-KES1452600060001","-76.25","0.00","383,284.00","FT25344CLNHV"
"10.12.2025","10.12.2025","Bank to Mobile  254792124121-tax MOBEE BANK MPESA SUSPENSE NO 006","-30,740.00","0.00","352,544.00","FT25344CLNHV"
"10.12.2025","10.12.2025","Mobi 522212  MPESA TLAUH4ITIC ODYSSEUS TECHNOL /","0.00","47,102.00","399,646.00","FT25344BYDS8"
"11.12.2025","11.12.2025","Transfer 2439909  2439909 999999","0.00","357,739.17","757,385.17","FT25345ZVLLS"
"11.12.2025","11.12.2025","Transfer Charge   AC-1335156364","-57.50","0.00","757,327.67","FT25345WBN8Y"
"11.12.2025","11.12.2025","Transfer  Shihai SHIHAI FISHERY SCIENCE AND","-533,000.00","0.00","224,327.67","FT25345WBN8Y"
"11.12.2025","11.12.2025","Transfer 2442535  2442535 999999","0.00","50,369.93","274,697.60","FT25345B91Q8"
"12.12.2025","12.12.2025","Bank to mobile charge   AC-KES1452600060001","-26.25","0.00","274,671.35","FT253466CGHN"
"12.12.2025","12.12.2025","Bank to Mobile  254721114690-Stacy MOBEE BANK MPESA SUSPENSE NO 006","-2,000.00","0.00","272,671.35","FT253466CGHN"
"12.12.2025","12.12.2025","Bank to mobile charge   AC-KES1452600060001","-74.25","0.00","272,597.10","FT25346GKTLS"
"12.12.2025","12.12.2025","Bank to Mobile  254721226759-Betty MOBEE BANK MPESA SUSPENSE NO 006","-10,000.00","0.00","262,597.10","FT25346GKTLS"
"12.12.2025","12.12.2025","Bank to mobile charge   AC-KES1452600060001","-74.25","0.00","262,522.85","FT25346L260D"
"12.12.2025","12.12.2025","Bank to Mobile  254726340002-Fred MOBEE BANK MPESA SUSPENSE NO 006","-16,500.00","0.00","246,022.85","FT25346L260D"
"13.12.2025","13.12.2025","Bank to mobile charge   AC-KES1452600060001","-62.75","0.00","245,960.10","FT25347QD09Y"
"13.12.2025","13.12.2025","Bank to Mobile  254721114690-Stacy MOBEE BANK MPESA SUSPENSE NO 006","-6,000.00","0.00","239,960.10","FT25347QD09Y"
"13.12.2025","13.12.2025","Transfer Charge   AC-1335156364","-57.50","0.00","239,902.60","FT25347W3HY0"
"13.12.2025","13.12.2025","Transfer  Shihai SHIHAI FISHERY SCIENCE AND","-108,500.00","0.00","131,402.60","FT25347W3HY0"
"13.12.2025","13.12.2025","Pesalink Incomi 202512131118108f IKO FRESH AFRICA LIMITED 100kg gutted KCB BANK","0.00","38,577.00","169,979.60","FT25347VL0HH"
"13.12.2025","13.12.2025","Transfer Charge   AC-1335156364","-57.50","0.00","169,922.10","FT253473ZJ86"
"13.12.2025","13.12.2025","Transfer  shihai SHIHAI FISHERY SCIENCE AND","-133,100.00","0.00","36,822.10","FT253473ZJ86"
"13.12.2025","13.12.2025","Bank to mobile charge   AC-KES1452600060001","-76.25","0.00","36,745.85","FT2534739637"
"13.12.2025","13.12.2025","Bank to Mobile  254726340002-Fred MOBEE BANK MPESA SUSPENSE NO 006","-30,000.00","0.00","6,745.85","FT2534739637"
"13.12.2025","13.12.2025","Mobi 522212  MPESA TLDUH4MBE6 ODYSSEUS TECHNOL /","0.00","310,140.00","316,885.85","FT25347V84J1"
"14.12.2025","14.12.2025","Bank to mobile charge   AC-KES1452600060001","-49.25","0.00","316,836.60","FT25348FBMD3"
"14.12.2025","14.12.2025","Bank to Mobile  254721114690-Stacy MOBEE BANK MPESA SUSPENSE NO 006","-4,000.00","0.00","312,836.60","FT25348FBMD3"
"15.12.2025","15.12.2025","Mobi 522212  MPESA TLFUH4OEHH ODYSSEUS TECHNOL /","0.00","74,722.00","387,558.60","FT25349HLHYR"
"15.12.2025","15.12.2025","Mobi 522522  MPESA TLF15116LQ 254712509594 Emmi /","0.00","54,320.00","441,878.60","FT25349V0TFB"
"15.12.2025","15.12.2025","Transfer 2448783  2448783 999999","0.00","101,778.53","543,657.13","FT2534979WDF"
"15.12.2025","15.12.2025","Transfer Charge   AC-1335156364","-57.50","0.00","543,599.63","FT25349LTN7Z"
"15.12.2025","15.12.2025","Transfer  shihai SHIHAI FISHERY SCIENCE AND","-77,500.00","0.00","466,099.63","FT25349LTN7Z"
"15.12.2025","15.12.2025","Bank to mobile charge   AC-KES1452600060001","-62.75","0.00","466,036.88","FT25349FBK07"
"15.12.2025","15.12.2025","Bank to Mobile  254721114690-Stacy MOBEE BANK MPESA SUSPENSE NO 006","-7,000.00","0.00","459,036.88","FT25349FBK07"
"15.12.2025","15.12.2025","Transfer 2446721  2446721 999999","0.00","181,196.68","640,233.56","FT2534926F3R"
"15.12.2025","15.12.2025","Transfer 2444714  2444714 999999","0.00","209,573.64","849,807.20","FT25349DG54L"
"15.12.2025","15.12.2025","Transfer Charge   AC-1335156364","-57.50","0.00","849,749.70","FT253493C2X8"
"15.12.2025","15.12.2025","Transfer  Shihai SHIHAI FISHERY SCIENCE AND","-542,500.00","0.00","307,249.70","FT253493C2X8"
"15.12.2025","15.12.2025","Bank to mobile charge   AC-KES1452600060001","-76.25","0.00","307,173.45","FT253491HZSR"
"15.12.2025","15.12.2025","Bank to Mobile  254726340002-Fred MOBEE BANK MPESA SUSPENSE NO 006","-62,000.00","0.00","245,173.45","FT253491HZSR"
"15.12.2025","15.12.2025","Bank to mobile charge   AC-KES1452600060001","-26.25","0.00","245,147.20","FT253491NWZ2"
"15.12.2025","15.12.2025","Bank to Mobile  254111220890-Sylvia MOBEE BANK MPESA SUSPENSE NO 006","-2,500.00","0.00","242,647.20","FT253491NWZ2"
"15.12.2025","15.12.2025","Bank to mobile charge   AC-KES1452600060001","-16.50","0.00","242,630.70","FT25349WJKTY"
"15.12.2025","15.12.2025","Bank to Mobile  254721114690-Stacy MOBEE BANK MPESA SUSPENSE NO 006","-1,500.00","0.00","241,130.70","FT25349WJKTY"
"15.12.2025","15.12.2025","Bank to mobile charge   AC-KES1452600060001","-26.25","0.00","241,104.45","FT25349W9W3Q"
"15.12.2025","15.12.2025","Bank to Mobile  254114495032-Denis MOBEE BANK MPESA SUSPENSE NO 006","-2,500.00","0.00","238,604.45","FT25349W9W3Q"
"15.12.2025","15.12.2025","Bank to mobile charge   AC-KES1452600060001","-49.25","0.00","238,555.20","FT25349GG7L4"
"15.12.2025","15.12.2025","Bank to Mobile  254798034864-Ken MOBEE BANK MPESA SUSPENSE NO 006","-4,500.00","0.00","234,055.20","FT25349GG7L4"
"15.12.2025","15.12.2025","Bank to mobile charge   AC-KES1452600060001","-26.25","0.00","234,028.95","FT25349V9GH4"
"15.12.2025","15.12.2025","Bank to Mobile  254721114690-Sara MOBEE BANK MPESA SUSPENSE NO 006","-2,500.00","0.00","231,528.95","FT25349V9GH4"
"15.12.2025","15.12.2025","Bank to mobile charge   AC-KES1452600060001","-62.75","0.00","231,466.20","FT25349YVVD0"
"15.12.2025","15.12.2025","Bank to Mobile  254725792393-Gift MOBEE BANK MPESA SUSPENSE NO 006","-6,000.00","0.00","225,466.20","FT25349YVVD0"
"15.12.2025","15.12.2025","Bank to mobile charge   AC-KES1452600060001","-49.25","0.00","225,416.95","FT25349BJ73H"
"15.12.2025","15.12.2025","Bank to Mobile  254722376260-Naomi MOBEE BANK MPESA SUSPENSE NO 006","-5,000.00","0.00","220,416.95","FT25349BJ73H"
"15.12.2025","15.12.2025","Bank to mobile charge   AC-KES1452600060001","-49.25","0.00","220,367.70","FT253492F0B7"
"15.12.2025","15.12.2025","Bank to Mobile  254713608976-Joy MOBEE BANK MPESA SUSPENSE NO 006","-4,500.00","0.00","215,867.70","FT253492F0B7"
"15.12.2025","15.12.2025","Bank to mobile charge   AC-KES1452600060001","-26.25","0.00","215,841.45","FT25349Y3GYH"
"15.12.2025","15.12.2025","Bank to Mobile  254727468844-Anjela MOBEE BANK MPESA SUSPENSE NO 006","-2,500.00","0.00","213,341.45","FT25349Y3GYH"
"15.12.2025","15.12.2025","Bank to mobile charge   AC-KES1452600060001","-26.25","0.00","213,315.20","FT253492S814"
"15.12.2025","15.12.2025","Bank to Mobile  254745006802-Laureen MOBEE BANK MPESA SUSPENSE NO 006","-2,500.00","0.00","210,815.20","FT253492S814"
"15.12.2025","15.12.2025","Bank to mobile charge   AC-KES1452600060001","-62.75","0.00","210,752.45","FT25349VRTN3"
"15.12.2025","15.12.2025","Bank to Mobile  254792515205-Akinyi MOBEE BANK MPESA SUSPENSE NO 006","-6,000.00","0.00","204,752.45","FT25349VRTN3"
"15.12.2025","15.12.2025","Bank to mobile charge   AC-KES1452600060001","-49.25","0.00","204,703.20","FT25349FWXR8"
"15.12.2025","15.12.2025","Bank to Mobile  254721114690-Stacy MOBEE BANK MPESA SUSPENSE NO 006","-5,000.00","0.00","199,703.20","FT25349FWXR8"
"15.12.2025","15.12.2025","Bank to mobile charge   AC-KES1452600060001","-49.25","0.00","199,653.95","FT25349PVTPG"
"15.12.2025","15.12.2025","Bank to Mobile  254112594682-Philip MOBEE BANK MPESA SUSPENSE NO 006","-5,000.00","0.00","194,653.95","FT25349PVTPG"
"15.12.2025","15.12.2025","Bank to mobile charge   AC-KES1452600060001","-62.75","0.00","194,591.20","FT25349DDTZ8"
"15.12.2025","15.12.2025","Bank to Mobile  254759653241-John MOBEE BANK MPESA SUSPENSE NO 006","-6,000.00","0.00","188,591.20","FT25349DDTZ8"
"16.12.2025","16.12.2025","Transfer 2451957  2451957 999999","0.00","137,952.53","326,543.73","FT25350HK2P7"
"16.12.2025","16.12.2025","Mobi 522522  MPESA TLGSG5FWKE 254708332681 NCBA /","0.00","35,000.00","361,543.73","FT25350FF9PX"
"16.12.2025","16.12.2025","Transfer Charge   AC-1335156364","-57.50","0.00","361,486.23","FT25350Q6VHJ"
"16.12.2025","16.12.2025","Transfer  shihai SHIHAI FISHERY SCIENCE AND","-50,500.00","0.00","310,986.23","FT25350Q6VHJ"
"16.12.2025","16.12.2025","Mobi 522522  MPESA TLG381DPL3 254792124121 BILI /","0.00","250,000.00","560,986.23","FT25350RV153"
"16.12.2025","16.12.2025","Mobi 522522  MPESA TLG381DPLR 254792124121 BILI /","0.00","104,000.00","664,986.23","FT2535079VPV"
"16.12.2025","16.12.2025","Transfer Charge   AC-1335156364","-57.50","0.00","664,928.73","FT25350FFBK2"
"16.12.2025","16.12.2025","Transfer  Shihai SHIHAI FISHERY SCIENCE AND","-526,000.00","0.00","138,928.73","FT25350FFBK2"
"16.12.2025","16.12.2025","Mobi 522522  MPESA TLG1516IWL 254712509594 Emmi /","0.00","38,500.00","177,428.73","FT25350BV18R"
"17.12.2025","17.12.2025","Pesalink Incomi 2025121708495451 IKO FRESH AFRICA LIMITED 250kg gutted KCB BANK","0.00","96,308.00","273,736.73","FT25351TF3T1"
"17.12.2025","17.12.2025","Bank to mobile charge   AC-KES1452600060001","-74.25","0.00","273,662.48","FT25351364KH"
"17.12.2025","17.12.2025","Bank to Mobile  254721226759-Betty MOBEE BANK MPESA SUSPENSE NO 006","-11,117.00","0.00","262,545.48","FT25351364KH"
"17.12.2025","17.12.2025","Bank to mobile charge   AC-KES1452600060001","-74.25","0.00","262,471.23","FT25351KPMDY"
"17.12.2025","17.12.2025","Bank to Mobile  254702189666-Luke MOBEE BANK MPESA SUSPENSE NO 006","-11,117.00","0.00","251,354.23","FT25351KPMDY"
"17.12.2025","17.12.2025","Transfer 2454587  2454587 999999","0.00","74,522.66","325,876.89","FT25351V8QNH"
"17.12.2025","17.12.2025","Pesalink Incomi 2025121700251217 NGEREK FIRM purchase of fish KCB BANK","0.00","75,075.00","400,951.89","FT25351JKNB6"
"17.12.2025","17.12.2025","Mobi 522522  MPESA TLH9Q17A7X 254769097342 JUDI /","0.00","80,500.00","481,451.89","FT25351820GL"
"17.12.2025","17.12.2025","Mobi 522212  MPESA TLHUH4RBX2 ODYSSEUS TECHNOL /","0.00","192,581.00","674,032.89","FT25351TMF3B"
"17.12.2025","17.12.2025","Transfer Charge   AC-1335156364","-57.50","0.00","673,975.39","FT253512P84F"
"17.12.2025","17.12.2025","Transfer  shihai SHIHAI FISHERY SCIENCE AND","-465,000.00","0.00","208,975.39","FT253512P84F"
"17.12.2025","17.12.2025","Bank to mobile charge   AC-KES1452600060001","-26.25","0.00","208,949.14","FT25351CSYTS"
"17.12.2025","17.12.2025","Bank to Mobile  254721114690-Stacy MOBEE BANK MPESA SUSPENSE NO 006","-2,000.00","0.00","206,949.14","FT25351CSYTS"
"17.12.2025","17.12.2025","Mobi 522522  MPESA TLH1519OR2 254712509594 Emmi /","0.00","42,000.00","248,949.14","FT25351T8J7N"
"18.12.2025","18.12.2025","Bank to mobile charge   AC-KES1452600060001","-76.25","0.00","248,872.89","FT25352Q62L0"
"18.12.2025","18.12.2025","Bank to Mobile  254726340002-fred MOBEE BANK MPESA SUSPENSE NO 006","-62,000.00","0.00","186,872.89","FT25352Q62L0"
"18.12.2025","18.12.2025","Pesalink Incomi 20251218094836fd IKO FRESH AFRICA LIMITED 100kg gutted KCB BANK","0.00","38,693.00","225,565.89","FT25352BK0Q7"
"18.12.2025","18.12.2025","Transfer 2457116  2457116 999999","0.00","94,917.89","320,483.78","FT253529TZKX"
"18.12.2025","18.12.2025","Mobi 522522  MPESA TLI151BKYO 254712509594 Emmi /","0.00","105,000.00","425,483.78","FT25352K1L97"
"18.12.2025","18.12.2025","Mobi 522522  MPESA TLI151BD3U 254712509594 Emmi /","0.00","87,500.00","512,983.78","FT253520DHKH"
"18.12.2025","18.12.2025","Pesalink Incomi 2025121800251218 NGEREK FIRM purchase of fish KCB BANK","0.00","5,948.00","518,931.78","FT2535257S2D"
"18.12.2025","18.12.2025","Mobi 522212  MPESA TLIUH4SV0M ODYSSEUS TECHNOL /","0.00","82,663.00","601,594.78","FT25352TPCWN"
"18.12.2025","18.12.2025","Transfer Charge   AC-1335156364","-57.50","0.00","601,537.28","FT2535230VVM"
"18.12.2025","18.12.2025","Transfer  shihai SHIHAI FISHERY SCIENCE AND","-455,400.00","0.00","146,137.28","FT2535230VVM"
"18.12.2025","18.12.2025","Bank to mobile charge   AC-KES1452600060001","-62.75","0.00","146,074.53","FT25352QGL2W"
"18.12.2025","18.12.2025","Bank to Mobile  254721114690-Stacy MOBEE BANK MPESA SUSPENSE NO 006","-7,000.00","0.00","139,074.53","FT25352QGL2W"
"18.12.2025","18.12.2025","Bank to mobile charge   AC-KES1452600060001","-16.50","0.00","139,058.03","FT25352K74NC"
"18.12.2025","18.12.2025","Bank to Mobile  254721114690-Stacy MOBEE BANK MPESA SUSPENSE NO 006","-1,500.00","0.00","137,558.03","FT25352K74NC"
"19.12.2025","19.12.2025","Transfer 2459760  2459760 999999","0.00","126,986.83","264,544.86","FT25353S3DQG"
"19.12.2025","19.12.2025","Pesalink Incomi 2025121911181916 IKO FRESH AFRICA LIMITED 150kg gutted KCB BANK","0.00","57,962.00","322,506.86","FT25353WDV7D"
"19.12.2025","19.12.2025","Mobi 522212  MPESA TLJUH4UCLB ODYSSEUS TECHNOL /","0.00","117,497.00","440,003.86","FT25353MLDDS"
"19.12.2025","19.12.2025","Mobi 522522  MPESA TLJIK1GUXU 254745706695 clin /","0.00","124,168.00","564,171.86","FT25353VPRQY"
"19.12.2025","19.12.2025","Mobi 522522  MPESA TLJ151GLDD 254712509594 Emmi /","0.00","102,000.00","666,171.86","FT25353PCXYJ"
"20.12.2025","20.12.2025","Transfer Charge   AC-1335156364","-57.50","0.00","666,114.36","FT25354KPKCB"
"20.12.2025","20.12.2025","Transfer  buy fish SHIHAI FISHERY SCIENCE AND","-155,000.00","0.00","511,114.36","FT25354KPKCB"
"20.12.2025","20.12.2025","Pesalink Incomi 2025122008262864 IKO FRESH AFRICA LIMITED 100kg gutted KCB BANK","0.00","38,693.00","549,807.36","FT25354VCZRD"
"20.12.2025","20.12.2025","Mobi 522212  MPESA TLKUH4VERR ODYSSEUS TECHNOL /","0.00","163,172.00","712,979.36","FT253549SZXG"
"20.12.2025","20.12.2025","Transfer Charge   AC-1335156364","-57.50","0.00","712,921.86","FT253545SKVP"
"20.12.2025","20.12.2025","Transfer  shihai SHIHAI FISHERY SCIENCE AND","-160,600.00","0.00","552,321.86","FT253545SKVP"
"20.12.2025","20.12.2025","Bank to mobile charge   AC-KES1452600060001","-76.25","0.00","552,245.61","FT253545VKF5"
"20.12.2025","20.12.2025","Bank to Mobile  254726340002-fred MOBEE BANK MPESA SUSPENSE NO 006","-30,000.00","0.00","522,245.61","FT253545VKF5"
"20.12.2025","20.12.2025","Bank to mobile charge   AC-KES1452600060001","-16.50","0.00","522,229.11","FT2535447XW9"
"20.12.2025","20.12.2025","Bank to Mobile  254721114690-Stacy MOBEE BANK MPESA SUSPENSE NO 006","-1,500.00","0.00","520,729.11","FT2535447XW9"
"20.12.2025","20.12.2025","Bank to mobile charge   AC-KES1452600060001","-74.25","0.00","520,654.86","FT25354LXDT1"
"20.12.2025","20.12.2025","Bank to Mobile  254721114690-stacy MOBEE BANK MPESA SUSPENSE NO 006","-13,500.00","0.00","507,154.86","FT25354LXDT1"
"21.12.2025","21.12.2025","Mobi 522212  MPESA TLLUH4WIKK ODYSSEUS TECHNOL /","0.00","75,528.00","582,682.86","FT25355K7RN6"
"21.12.2025","21.12.2025","Bank to mobile charge   AC-KES1452600060001","-76.25","0.00","582,606.61","FT2535513FT8"
"21.12.2025","21.12.2025","Bank to Mobile  254726340002-fred MOBEE BANK MPESA SUSPENSE NO 006","-62,000.00","0.00","520,606.61","FT2535513FT8"
"21.12.2025","21.12.2025","Mobi 522522  MPESA TLLSG5OWMB 254745877781 NCBA /","0.00","131,600.00","652,206.61","FT2535597JRN"
"21.12.2025","21.12.2025","Transfer Charge   AC-1335156364","-57.50","0.00","652,149.11","FT253556Q9VK"
"21.12.2025","21.12.2025","Transfer  shihai SHIHAI FISHERY SCIENCE AND","-465,000.00","0.00","187,149.11","FT253556Q9VK"
"21.12.2025","21.12.2025","Mobi 522522  MPESA TLL151MXSY 254712509594 Emmi /","0.00","50,750.00","237,899.11","FT25355PMVSP"
"22.12.2025","22.12.2025","Transfer 2464455  2464455 999999","0.00","164,371.29","402,270.40","FT25356BQS4K"
"22.12.2025","22.12.2025","Transfer 2462316  2462316 999999","0.00","68,890.37","471,160.77","FT253568C6T4"
"22.12.2025","22.12.2025","Transfer Charge   AC-1305173066","-57.50","0.00","471,103.27","FT2535670ZWZ"
"22.12.2025","22.12.2025","Transfer  Jawabu Hr JAWABU HR CONSULTANCY SERVICES LTD","-23,200.00","0.00","447,903.27","FT2535670ZWZ"
"22.12.2025","22.12.2025","Mobi 522522  MPESA TLM151P1QZ 254712509594 Emmi /","0.00","70,000.00","517,903.27","FT25356ZX9XY"
"22.12.2025","22.12.2025","Mobi 522212  MPESA TLMUH4Y3FT ODYSSEUS TECHNOL /","0.00","26,917.00","544,820.27","FT253560VN60"
"23.12.2025","23.12.2025","Mobi 522522  MPESA TLN151RZZ5 254712509594 Emmi /","0.00","162,675.00","707,495.27","FT253575GC1Q"
"23.12.2025","23.12.2025","Mobi 522522  MPESA TLN151S7S9 254712509594 Emmi /","0.00","100,000.00","807,495.27","FT25357XZ136"
"23.12.2025","23.12.2025","Transfer 2469786  2469786 999999","0.00","22,868.79","830,364.06","FT25357PFR1Y"
"23.12.2025","23.12.2025","Pesalink Incomi 20251223103917e0 IKO FRESH AFRICA LIMITED 100kg gutted KCB BANK","0.00","38,577.00","868,941.06","FT25357BL9XS"
"23.12.2025","23.12.2025","Transfer Charge   AC-1335156364","-57.50","0.00","868,883.56","FT25357F8T6B"
"23.12.2025","23.12.2025","Transfer  shihai SHIHAI FISHERY SCIENCE AND","-454,200.00","0.00","414,683.56","FT25357F8T6B"
"23.12.2025","23.12.2025","Bank to mobile charge   AC-KES1452600060001","-49.25","0.00","414,634.31","FT253570QHJ2"
"23.12.2025","23.12.2025","Bank to Mobile  254713608976-joy MOBEE BANK MPESA SUSPENSE NO 006","-4,500.00","0.00","410,134.31","FT253570QHJ2"
"23.12.2025","23.12.2025","Bank to mobile charge   AC-KES1452600060001","-26.25","0.00","410,108.06","FT2535719VLS"
"23.12.2025","23.12.2025","Bank to Mobile  254727468844-Angela MOBEE BANK MPESA SUSPENSE NO 006","-2,500.00","0.00","407,608.06","FT2535719VLS"
"23.12.2025","23.12.2025","Bank to mobile charge   AC-KES1452600060001","-74.25","0.00","407,533.81","FT25357S8S5B"
"23.12.2025","23.12.2025","Bank to Mobile  254702189666-Luke MOBEE BANK MPESA SUSPENSE NO 006","-17,466.00","0.00","390,067.81","FT25357S8S5B"
"23.12.2025","23.12.2025","Bank to mobile charge   AC-KES1452600060001","-62.75","0.00","390,005.06","FT253573F1PZ"
"23.12.2025","23.12.2025","Bank to Mobile  254792515205-Akinyi MOBEE BANK MPESA SUSPENSE NO 006","-6,000.00","0.00","384,005.06","FT253573F1PZ"
"23.12.2025","23.12.2025","Bank to mobile charge   AC-KES1452600060001","-16.50","0.00","383,988.56","FT25357SQX0Q"
"23.12.2025","23.12.2025","Bank to Mobile  254721226759-Betty MOBEE BANK MPESA SUSPENSE NO 006","-1,163.00","0.00","382,825.56","FT25357SQX0Q"
"23.12.2025","23.12.2025","Bank to mobile charge   AC-KES1452600060001","-49.25","0.00","382,776.31","FT253571ZYGY"
"23.12.2025","23.12.2025","Bank to Mobile  254112594682-Philip MOBEE BANK MPESA SUSPENSE NO 006","-5,000.00","0.00","377,776.31","FT253571ZYGY"
"23.12.2025","23.12.2025","Bank to mobile charge   AC-KES1452600060001","-74.25","0.00","377,702.06","FT253578SCVX"
"23.12.2025","23.12.2025","Bank to Mobile  254702189666-Luke MOBEE BANK MPESA SUSPENSE NO 006","-13,280.00","0.00","364,422.06","FT253578SCVX"
"23.12.2025","23.12.2025","Bank to mobile charge   AC-KES1452600060001","-26.25","0.00","364,395.81","FT253570RL1G"
"23.12.2025","23.12.2025","Bank to Mobile  254111220890-Sylvia MOBEE BANK MPESA SUSPENSE NO 006","-2,500.00","0.00","361,895.81","FT253570RL1G"
"23.12.2025","23.12.2025","Bank to mobile charge   AC-KES1452600060001","-49.25","0.00","361,846.56","FT25357VB5LT"
"23.12.2025","23.12.2025","Bank to Mobile  254798034864-Ken MOBEE BANK MPESA SUSPENSE NO 006","-4,500.00","0.00","357,346.56","FT25357VB5LT"
"23.12.2025","23.12.2025","Bank to mobile charge   AC-KES1452600060001","-49.25","0.00","357,297.31","FT25357RLL67"
"23.12.2025","23.12.2025","Bank to Mobile  254792515205-Philip MOBEE BANK MPESA SUSPENSE NO 006","-5,000.00","0.00","352,297.31","FT25357RLL67"
"23.12.2025","23.12.2025","Bank to mobile charge   AC-KES1452600060001","-62.75","0.00","352,234.56","FT25357GLYS1"
"23.12.2025","23.12.2025","Bank to Mobile  254725792393-gift MOBEE BANK MPESA SUSPENSE NO 006","-6,000.00","0.00","346,234.56","FT25357GLYS1"
"23.12.2025","23.12.2025","Bank to mobile charge   AC-KES1452600060001","-62.75","0.00","346,171.81","FT25357QW5HY"
"23.12.2025","23.12.2025","Bank to Mobile  254759653241-john MOBEE BANK MPESA SUSPENSE NO 006","-6,000.00","0.00","340,171.81","FT25357QW5HY"
"23.12.2025","23.12.2025","Bank to mobile charge   AC-KES1452600060001","-49.25","0.00","340,122.56","FT25357N7PG3"
"23.12.2025","23.12.2025","Bank to Mobile  254721114690-Stacy MOBEE BANK MPESA SUSPENSE NO 006","-5,000.00","0.00","335,122.56","FT25357N7PG3"
"23.12.2025","23.12.2025","Bank to mobile charge   AC-KES1452600060001","-76.25","0.00","335,046.31","FT25357BFD31"
"23.12.2025","23.12.2025","Bank to Mobile  254726340002-Fred MOBEE BANK MPESA SUSPENSE NO 006","-30,000.00","0.00","305,046.31","FT25357BFD31"
"23.12.2025","23.12.2025","Mobi 522212  MPESA TLNUH4ZKMV ODYSSEUS TECHNOL /","0.00","199,568.00","504,614.31","FT25357DMDS1"
"23.12.2025","23.12.2025","Transfer Charge   AC-1335156364","-57.50","0.00","504,556.81","FT25357T2D5H"
"23.12.2025","23.12.2025","Transfer  shihai SHIHAI FISHERY SCIENCE AND","-307,500.00","0.00","197,056.81","FT25357T2D5H"
"23.12.2025","23.12.2025","Bank to mobile charge   AC-KES1452600060001","-62.75","0.00","196,994.06","FT25357FW6S0"
"23.12.2025","23.12.2025","Bank to Mobile  254721114690-Stacy MOBEE BANK MPESA SUSPENSE NO 006","-7,500.00","0.00","189,494.06","FT25357FW6S0"
"24.12.2025","24.12.2025","Mobi 522522  MPESA TLO7B1UOI4 254792230431 CHAR /","0.00","175,000.00","364,494.06","FT253582944C"
"24.12.2025","24.12.2025","Transfer 2472452  2472452 999999","0.00","44,197.43","408,691.49","FT2535881JRS"
"24.12.2025","24.12.2025","SWIFT Charge Odysseus   AC-1336454237","-575.00","0.00","408,116.49","FT25358TRMND"
"24.12.2025","24.12.2025","Outward SWIFT P Odysseus service SW-BARCKENX HSJ Group","-4,400.00","0.00","403,716.49","FT25358TRMND"
"24.12.2025","24.12.2025","Bank to mobile charge   AC-KES1452600060001","-76.25","0.00","403,640.24","FT25358KGBFT"
"24.12.2025","24.12.2025","Bank to Mobile  254722881037-50000 MOBEE BANK MPESA SUSPENSE NO 006","-50,000.00","0.00","353,640.24","FT25358KGBFT"
"24.12.2025","24.12.2025","Mobi 522212  MPESA TLOUH50JVY ODYSSEUS TECHNOL /","0.00","127,007.00","480,647.24","FT25358XSXJ0"
"24.12.2025","24.12.2025","Transfer Charge   AC-1335156364","-57.50","0.00","480,589.74","FT25358PWVM6"
"24.12.2025","24.12.2025","Transfer  fish 1ton SHIHAI FISHERY SCIENCE AND","-310,000.00","0.00","170,589.74","FT25358PWVM6"
"24.12.2025","24.12.2025","Mobi 522522  MPESA TLO7B1VKNI 254792230431 CHAR /","0.00","182,500.00","353,089.74","FT253586XMY0"
"24.12.2025","24.12.2025","Mobi 522522  MPESA TLO151W2JF 254712509594 Emmi /","0.00","150,000.00","503,089.74","FT253586T6N5"
"24.12.2025","24.12.2025","Bank to mobile charge   AC-KES1452600060001","-76.25","0.00","503,013.49","FT25358YMQGX"
"24.12.2025","24.12.2025","Bank to Mobile  254726340002-Fred MOBEE BANK MPESA SUSPENSE NO 006","-37,000.00","0.00","466,013.49","FT25358YMQGX"
"24.12.2025","24.12.2025","Transfer Charge   AC-1335156364","-57.50","0.00","465,955.99","FT25358XFLS2"
"24.12.2025","24.12.2025","Transfer  shihai SHIHAI FISHERY SCIENCE AND","-216,000.00","0.00","249,955.99","FT25358XFLS2"
"24.12.2025","24.12.2025","Bank to mobile charge   AC-KES1452600060001","-49.25","0.00","249,906.74","FT2535873SNZ"
"24.12.2025","24.12.2025","Bank to Mobile  254726340002-fres MOBEE BANK MPESA SUSPENSE NO 006","-5,000.00","0.00","244,906.74","FT2535873SNZ"
"25.12.2025","25.12.2025","Mobi 522522  MPESA TLP151YWDG 254712509594 Emmi /","0.00","159,335.00","404,241.74","FT253591PLZP"
"25.12.2025","25.12.2025","Bank to mobile charge   AC-KES1452600060001","-76.25","0.00","404,165.49","FT253598H2PV"
"25.12.2025","25.12.2025","Bank to Mobile  254726340002-fred MOBEE BANK MPESA SUSPENSE NO 006","-30,000.00","0.00","374,165.49","FT253598H2PV"
"25.12.2025","25.12.2025","Mobi 522212  MPESA TLPUH51WLH ODYSSEUS TECHNOL /","0.00","91,219.00","465,384.49","FT25359D3RXS"
"25.12.2025","25.12.2025","Transfer Charge   AC-1335156364","-57.50","0.00","465,326.99","FT25359ZKJ7G"
"25.12.2025","25.12.2025","Transfer  shihai SHIHAI FISHERY SCIENCE AND","-309,500.00","0.00","155,826.99","FT25359ZKJ7G"
"25.12.2025","25.12.2025","Mobi 522522  MPESA TLP151ZXQ5 254712509594 Emmi /","0.00","182,500.00","338,326.99","FT253590GZWK"
"25.12.2025","25.12.2025","Mobi 522522  MPESA TLPO024QFY 254799825836 coll /","0.00","150,000.00","488,326.99","FT25359MXGWJ"
"26.12.2025","26.12.2025","Bank to mobile charge   AC-KES1452600060001","-76.25","0.00","488,250.74","FT25360531PQ"
"26.12.2025","26.12.2025","Bank to Mobile  254726340002-fred MOBEE BANK MPESA SUSPENSE NO 006","-25,000.00","0.00","463,250.74","FT25360531PQ"
"26.12.2025","26.12.2025","Mobi 522522  MPESA TLQ1522UD4 254712509594 Emmi /","0.00","177,500.00","640,750.74","FT25360TY7M6"
"26.12.2025","26.12.2025","Transfer Charge   AC-1335156364","-57.50","0.00","640,693.24","FT25360544T8"
"26.12.2025","26.12.2025","Transfer  shihai SHIHAI FISHERY SCIENCE AND","-308,500.00","0.00","332,193.24","FT25360544T8"
"26.12.2025","26.12.2025","Mobi 522522  MPESA TLQ1524524 254712509594 Emmi /","0.00","159,750.00","491,943.24","FT25360NDV9Y"
"27.12.2025","27.12.2025","Mobi 522522  MPESA TLR1524VNY 254712509594 Emmi /","0.00","175,000.00","666,943.24","FT253610Y3H1"
"28.12.2025","28.12.2025","Transfer Charge   AC-1335156364","-57.50","0.00","666,885.74","FT2536299XKF"
"28.12.2025","28.12.2025","Transfer  fish1228 SHIHAI FISHERY SCIENCE AND","-308,500.00","0.00","358,385.74","FT2536299XKF"
"28.12.2025","28.12.2025","Mobi 522522  MPESA TLS7B27DFF 254792230431 CHAR /","0.00","175,000.00","533,385.74","FT253624WSGL"
"28.12.2025","28.12.2025","Mobi 522522  MPESA TLS1529CA9 254712509594 Emmi /","0.00","87,500.00","620,885.74","FT253629Z2D9"
"29.12.2025","29.12.2025","Transfer Charge   AC-1340543133","-57.50","0.00","620,828.24","FT2536372D7L"
"29.12.2025","29.12.2025","Transfer  ken tilapia KENTILAPIA CO LIMITED","-459,000.00","0.00","161,828.24","FT2536372D7L"
"29.12.2025","29.12.2025","Transfer 2476839  2476839 999999","0.00","62,619.57","224,447.81","FT25363DHN44"
"29.12.2025","29.12.2025","Transfer 2475596  2475596 999999","0.00","120,763.70","345,211.51","FT25363NY783"
"29.12.2025","29.12.2025","Bank to mobile charge   AC-KES1452600060001","-76.25","0.00","345,135.26","FT253639JM0K"
"29.12.2025","29.12.2025","Bank to Mobile  254726340002-Fred MOBEE BANK MPESA SUSPENSE NO 006","-30,000.00","0.00","315,135.26","FT253639JM0K"
"29.12.2025","29.12.2025","Inward SWIFT Pa 151, HOI BUN ROAD KWUN TONG KOWLOO UNIT 715 7/F KWONG SANG HONG CENTRE ODYSSEY TECHNOLOGY COMPANY LIMITED","0.00","5,036,031.00","5,351,166.26","FT25363F9ZC8"
"29.12.2025","29.12.2025","SWIFT Charge S249214RCP122925   AC-1336454237","-720.00","0.00","5,350,446.26","FT25363F9ZC8"
"30.12.2025","30.12.2025","Mobi 522522  MPESA TLU152DNB5 254712509594 Emmi /","0.00","175,000.00","5,525,446.26","FT2536437M8M"
"30.12.2025","30.12.2025","Mobi 522522  MPESA TLU7B2DEPN 254792230431 CHAR /","0.00","175,000.00","5,700,446.26","FT25364W3W65"
"30.12.2025","30.12.2025","Bank to mobile charge   AC-KES1452600060001","-49.25","0.00","5,700,397.01","FT25364BB2NW"
"30.12.2025","30.12.2025","Bank to Mobile  254798034864-Allowance MOBEE BANK MPESA SUSPENSE NO 006","-4,500.00","0.00","5,695,897.01","FT25364BB2NW"
"30.12.2025","30.12.2025","Bank to mobile charge   AC-KES1452600060001","-49.25","0.00","5,695,847.76","FT25364VL6Q3"
"30.12.2025","30.12.2025","Bank to Mobile  254713608976-Allowance MOBEE BANK MPESA SUSPENSE NO 006","-4,500.00","0.00","5,691,347.76","FT25364VL6Q3"
"30.12.2025","30.12.2025","Bank to mobile charge   AC-KES1452600060001","-62.75","0.00","5,691,285.01","FT253647VMWP"
"30.12.2025","30.12.2025","Bank to Mobile  254725792393-Allowance MOBEE BANK MPESA SUSPENSE NO 006","-6,000.00","0.00","5,685,285.01","FT253647VMWP"
"30.12.2025","30.12.2025","Bank to mobile charge   AC-KES1452600060001","-49.25","0.00","5,685,235.76","FT25364TTKLV"
"30.12.2025","30.12.2025","Bank to Mobile  254722376260-Allowance MOBEE BANK MPESA SUSPENSE NO 006","-5,000.00","0.00","5,680,235.76","FT25364TTKLV"
"30.12.2025","30.12.2025","Bank to mobile charge   AC-KES1452600060001","-14.20","0.00","5,680,221.56","FT25364WNGWD"
"30.12.2025","30.12.2025","Bank to Mobile  254792515205-Allowance MOBEE BANK MPESA SUSPENSE NO 006","-1,000.00","0.00","5,679,221.56","FT25364WNGWD"
"30.12.2025","30.12.2025","Bank to mobile charge   AC-KES1452600060001","-49.25","0.00","5,679,172.31","FT25364G7BGP"
"30.12.2025","30.12.2025","Bank to Mobile  254721114690-Allowance MOBEE BANK MPESA SUSPENSE NO 006","-5,000.00","0.00","5,674,172.31","FT25364G7BGP"
"30.12.2025","30.12.2025","Bank to mobile charge   AC-KES1452600060001","-62.75","0.00","5,674,109.56","FT25364M7T4N"
"30.12.2025","30.12.2025","Bank to Mobile  254721114690-Stacy MOBEE BANK MPESA SUSPENSE NO 006","-6,000.00","0.00","5,668,109.56","FT25364M7T4N"
"30.12.2025","30.12.2025","Bank to mobile charge   AC-KES1452600060001","-76.25","0.00","5,668,033.31","FT25364YQ2J2"
"30.12.2025","30.12.2025","Bank to Mobile  254721226759-Betty MOBEE BANK MPESA SUSPENSE NO 006","-21,000.00","0.00","5,647,033.31","FT25364YQ2J2"
"31.12.2025","31.12.2025","Mobi 522522  MPESA TLV152GLFI 254712509594 Emmi /","0.00","105,000.00","5,752,033.31","FT25365GN9KC"
"31.12.2025","31.12.2025","Mobi 522522  MPESA TLV7B2G6HE 254792230431 CHAR /","0.00","31,500.00","5,783,533.31","FT25365C6Z2T"
